{
    "mse": 702005206.1713903,
    "rmse": 26495.380845939737,
    "mae": 16245.582392444348,
    "r2": 0.908477783203125
}
